{"count":1,"self":50.209027199999994,"total":259.1400422,"children":{"InitializeActuators":{"count":50,"self":0.0029917999999999998,"total":0.0029917999999999998,"children":null},"InitializeSensors":{"count":50,"self":0.002992,"total":0.002992,"children":null},"AgentSendState":{"count":50184,"self":2.9608155999999997,"total":15.3101652,"children":{"CollectObservations":{"count":501850,"self":0.8906761,"total":0.8906761,"children":null},"WriteActionMask":{"count":501850,"self":0.6659303,"total":0.6659303,"children":null},"RequestDecision":{"count":501850,"self":2.4980734,"total":10.7927431,"children":{"AgentInfo.ToProto":{"count":501850,"self":2.1370288,"total":8.2946697,"children":{"GenerateSensorData":{"count":501850,"self":6.1576407999999994,"total":6.157641,"children":null}}}}}}},"DecideAction":{"count":50184,"self":190.4001792,"total":190.40018369999999,"children":null},"AgentAct":{"count":50184,"self":3.0963656,"total":3.1748198999999997,"children":{"AgentInfo.ToProto":{"count":2279,"self":0.0248153,"total":0.0784542,"children":{"GenerateSensorData":{"count":2279,"self":0.053638899999999996,"total":0.053638899999999996,"children":null}}}}},"AgentInfo.ToProto":{"count":743,"self":0.0069765,"total":0.0338482,"children":{"GenerateSensorData":{"count":743,"self":0.0268717,"total":0.0268717,"children":null}}}},"gauges":{"Test2.CumulativeReward":{"count":3022,"max":65,"min":-1,"runningAverage":50.8163757,"value":65,"weightedAverage":54.0388565}},"metadata":{"timer_format_version":"0.1.0","start_time_seconds":"1654771427","unity_version":"2020.3.32f1","command_line_arguments":"C:\\Program Files\\Unity\\Hub\\Editor\\2020.3.32f1\\Editor\\Unity.exe -projectpath C:\/Users\/User\/Documents\/GitHub\/AI_Test -useHub -hubIPC -cloudEnvironment production -hubSessionId b636fa80-e7c6-11ec-9f7c-dda2417ee20a","communication_protocol_version":"1.5.0","com.unity.ml-agents_version":"2.0.1","scene_name":"SceneTest2","end_time_seconds":"1654771686"}}